id_padre;edad_padre
S1;42
S2;28
S3;28
S4;23
S5;25
S6;34
S7;19
S8;31
S9;40
S10;23
S11;22
S12;35
S13;23
S14;27
S15;44
S16;19
S17;25
S18;27
S19;42
S20;24
S21;30
S22;55
S23;29
S24;25
S25;22
S26;19
S27;18
S28;28
S29;32
S30;21
S31;17
S32;43
S33;29
S34;27
S35;56
S36;31
S37;35
S38;30
S39;21
S40;
S41;29
S42;22
S43;27
S44;33
S45;39
S46;
S47;21
S48;20
S49;25
S50;43
S51;50
S52;33
S53;49
S54;22
S55;28
S56;24
S57;30
S58;26
S59;
S60;21
S61;20
S62;26
S63;24
S64;23
S65;30
S66;29
S67;34
S68;31
S69;41
S70;48
S71;43
S72;26
S73;35
S74;35
S75;27
S76;22
S77;24
S78;21
S79;34
S80;26
S81;29
S82;34
S83;17
S84;23
S85;18
S86;20
S87;29
S88;29
S89;32
S90;42
S91;30
S92;24
S93;19
S94;28
S95;23
S96;31
S97;24
S98;45
S99;26
S100;20
S101;34
S102;26
S103;22
S104;24
S105;19
S106;27
S107;32
S108;40
S109;17
S110;18
S111;42
S112;46
S113;31
S114;19
S115;32
S116;32
S117;21
S118;25
S119;28
S120;20
S121;32
S122;30
S123;35
S124;23
S125;25
S126;34
S127;21
S128;19
S129;20
S130;40
S131;31
S132;18
S133;27
S134;30
S135;44
S136;23
S137;33
S138;39
S139;26
S140;32
S141;21
S142;29
S143;43
S144;26
S145;47
S146;34
S147;31
S148;22
S149;25
S150;50
S151;22
S152;34
S153;21
S154;25
S155;32
S156;26
S157;35
S158;25
S159;18
S160;18
S161;39
S162;28
S163;32
S164;43
S165;23
S166;18
S167;33
S168;22
S169;30
S170;27
S171;19
S172;26
S173;26
S174;31
S175;26
S176;25
S177;22
S178;26
S179;31
S180;40
S181;45
S182;30
S183;31
S184;41
S185;19
S186;21
S187;37
S188;20
S189;33
S190;25
S191;25
S192;20
S193;16
S194;21
S195;20
S196;43
S197;23
S198;28
S199;34
S200;29
S201;24
S202;29
S203;17
S204;59
S205;40
S206;20
S207;20
S208;18
S209;53
S210;34
S211;29
S212;26
S213;26
S214;25
S215;20
S216;27
S217;25
S218;24
S219;39
S220;31
S221;24
S222;19
S223;19
S224;24
S225;23
S226;30
S227;27
S228;30
S229;32
S230;23
S231;19
S232;18
S233;36
S234;23
S235;28
S236;19
S237;30
S238;28
S239;27
S240;30
S241;25
S242;38
S243;
S244;34
S245;22
S246;26
S247;26
S248;30
S249;23
S250;21
S251;35
S252;20
S253;18
S254;41
S255;40
S256;22
S257;33
S258;30
S259;27
S260;27
S261;25
S262;23
S263;30
S264;32
S265;24
S266;42
S267;27
S268;21
S269;22
S270;38
S271;22
S272;33
S273;20
S274;27
S275;29
S276;27
S277;29
S278;22
S279;27
S280;42
S281;20
S282;38
S283;18
S284;27
S285;27
S286;24
S287;54
S288;26
S289;35
S290;36
S291;24
S292;24
S293;35
S294;24
S295;57
S296;25
S297;25
S298;39
S299;42
S300;24
S301;33
S302;28
S303;22
S304;29
S305;22
S306;25
S307;33
S308;24
S309;35
S310;47
S311;32
S312;29
S313;38
S314;32
S315;42
S316;35
S317;34
S318;27
S319;25
S320;34
S321;43
S322;28
S323;33
S324;32
S325;22
S326;18
S327;32
S328;20
S329;37
S330;25
S331;44
S332;36
S333;38
S334;22
S335;38
S336;20
S337;33
S338;35
S339;23
S340;24
S341;24
S342;40
S343;31
S344;30
S345;14
S346;40
S347;26
S348;28
S349;46
S350;27
S351;20
S352;34
S353;45
S354;39
S355;38
S356;53
S357;22
S358;28
S359;45
S360;35
S361;
S362;28
S363;29
S364;30
S365;31
S366;21
S367;37
S368;19
S369;
S370;46
S371;36
S372;22
S373;34
S374;40
S375;39
S376;31
S377;29
S378;48
S379;40
S380;38
S381;21
S382;25
S383;26
S384;33
S385;36
S386;28
S387;25
S388;31
S389;23
S390;26
S391;33
S392;27
S393;25
S394;25
S395;
S396;30
S397;22
S398;26
S399;37
S400;25
S401;35
S402;29
S403;29
S404;48
S405;18
S406;38
S407;
S408;25
S409;19
S410;38
S411;36
S412;39
S413;31
S414;23
S415;30
S416;32
S417;30
S418;20
S419;27
S420;34
S421;25
S422;27
S423;45
S424;31
S425;24
S426;43
S427;30
S428;40
S429;21
S430;17
S431;28
S432;29
S433;33
S434;32
S435;
S436;27
S437;26
S438;24
S439;28
S440;35
S441;20
S442;19
S443;29
S444;25
S445;27
S446;42
S447;42
S448;24
S449;20
S450;29
S451;29
S452;22
S453;42
S454;35
S455;28
S456;20
S457;26
S458;38
S459;19
S460;29
S461;48
S462;37
S463;
S464;32
S465;25
S466;29
S467;27
S468;34
S469;28
S470;30
S471;28
S472;24
S473;35
S474;27
S475;25
S476;26
S477;30
S478;24
S479;46
S480;20
S481;24
S482;27
S483;26
S484;41
S485;30
S486;19
S487;35
S488;30
S489;
S490;33
S491;20
S492;40
S493;24
S494;23
S495;36
S496;19
S497;43
S498;30
S499;21
S500;38
S501;32
S502;29
S503;25
S504;21
S505;36
S506;25
S507;28
S508;34
S509;22
S510;24
S511;26
S512;30
S513;18
S514;17
S515;40
S516;22
S517;23
S518;26
S519;27
S520;26
S521;24
S522;24
S523;20
S524;29
S525;21
S526;25
S527;40
S528;45
S529;29
S530;34
S531;52
S532;18
S533;33
S534;41
S535;29
S536;24
S537;31
S538;25
S539;22
S540;30
S541;27
S542;43
S543;37
S544;31
S545;36
S546;38
S547;18
S548;35
S549;25
S550;27
S551;23
S552;31
S553;20
S554;28
S555;30
S556;39
S557;37
S558;20
S559;30
S560;38
S561;23
S562;40
S563;24
S564;32
S565;38
S566;28
S567;35
S568;23
S569;30
S570;31
S571;22
S572;21
S573;31
S574;26
S575;
S576;40
S577;22
S578;28
S579;21
S580;28
S581;26
S582;33
S583;18
S584;26
S585;38
S586;21
S587;44
S588;24
S589;25
S590;
S591;24
S592;24
S593;34
S594;31
S595;32
S596;42
S597;19
S598;25
S599;17
S600;22
S601;20
S602;28
S603;45
S604;25
S605;24
S606;30
S607;27
S608;38
S609;30
S610;36
S611;21
S612;25
S613;31
S614;24
S615;48
S616;25
S617;35
S618;26
S619;
S620;22
S621;27
S622;24
S623;21
S624;26
S625;33
S626;30
S627;28
S628;58
S629;29
S630;60
S631;23
S632;23
S633;38
S634;34
S635;25
S636;26
S637;31
S638;23
S639;31
S640;29
S641;28
S642;30
S643;21
S644;31
S645;19
S646;30
S647;21
S648;24
S649;28
S650;47
S651;31
S652;27
S653;29
S654;28
S655;24
S656;32
S657;43
S658;27
S659;20
S660;25
S661;44
S662;34
S663;22
S664;37
S665;21
S666;28
S667;22
S668;25
S669;24
S670;24
S671;19
S672;42
S673;34
S674;37
S675;21
S676;16
S677;19
S678;33
S679;30
S680;42
S681;29
S682;26
S683;38
S684;30
S685;31
S686;29
S687;27
S688;24
S689;28
S690;32
S691;24
S692;20
S693;22
S694;23
S695;27
S696;25
S697;28
S698;28
S699;29
S700;23
S701;19
S702;24
S703;19
S704;25
S705;18
S706;30
S707;26
S708;29
S709;28
S710;23
S711;31
S712;25
S713;37
S714;25
S715;25
S716;27
S717;26
S718;32
S719;19
S720;35
S721;58
S722;24
S723;31
S724;27
S725;60
S726;32
S727;47
S728;40
S729;41
S730;22
S731;25
S732;27
S733;23
S734;20
S735;22
S736;41
S737;27
S738;26
S739;35
S740;49
S741;60
S742;20
S743;48
S744;28
S745;26
S746;26
S747;46
S748;28
S749;28
S750;30
S751;24
S752;27
S753;23
S754;40
S755;22
S756;25
S757;28
S758;23
S759;25
S760;17
S761;24
S762;18
S763;34
S764;29
S765;34
S766;24
S767;26
S768;36
S769;27
S770;27
S771;
S772;22
S773;20
S774;21
S775;33
S776;20
S777;16
S778;35
S779;32
S780;19
S781;23
S782;26
S783;34
S784;23
S785;25
S786;30
S787;28
S788;43
S789;31
S790;40
S791;24
S792;22
S793;38
S794;37
S795;31
S796;27
S797;36
S798;20
S799;31
S800;32
S801;21
S802;35
S803;23
S804;34
S805;21
S806;27
S807;18
S808;44
S809;52
S810;33
S811;38
S812;21
S813;30
S814;23
S815;29
S816;20
S817;28
S818;44
S819;45
S820;30
S821;21
S822;32
S823;41
S824;22
S825;35
S826;29
S827;33
S828;23
S829;25
S830;25
S831;25
S832;45
S833;21
S834;45
S835;29
S836;18
S837;22
S838;45
S839;24
S840;28
S841;38
S842;18
S843;22
S844;39
S845;29
S846;24
S847;24
S848;26
S849;22
S850;33
S851;22
S852;29
S853;30
S854;22
S855;41
S856;21
S857;55
S858;
S859;29
S860;22
S861;18
S862;44
S863;21
S864;28
S865;29
S866;31
S867;18
S868;
S869;22
S870;26
S871;41
S872;34
S873;26
S874;28
S875;32
S876;26
S877;31
S878;30
S879;30
S880;33
S881;19
S882;20
S883;27
S884;20
S885;25
S886;24
S887;23
S888;34
S889;42
S890;20
S891;30
S892;27
S893;25
S894;26
S895;25
S896;23
S897;32
S898;19
S899;30
S900;39
S901;40
S902;26
S903;32
S904;29
S905;20
S906;20
S907;27
S908;23
S909;30
S910;30
S911;20
S912;23
S913;26
S914;27
S915;24
S916;19
S917;30
S918;20
S919;31
S920;25
S921;31
S922;30
S923;28
S924;47
S925;29
S926;44
S927;28
S928;25
S929;21
S930;24
S931;31
S932;52
S933;50
S934;32
S935;50
S936;33
S937;25
S938;23
S939;25
S940;23
S941;35
S942;35
S943;35
S944;24
S945;26
S946;29
S947;19
S948;25
S949;45
S950;34
S951;34
S952;26
S953;33
S954;28
S955;46
S956;20
S957;19
S958;31
S959;25
S960;24
S961;34
S962;37
S963;38
S964;29
S965;31
S966;22
S967;22
S968;24
S969;54
S970;25
S971;33
S972;28
S973;18
S974;27
S975;34
S976;31
S977;32
S978;29
S979;28
S980;37
S981;43
S982;42
S983;39
S984;26
S985;13
S986;19
S987;20
S988;22
S989;26
S990;42
S991;30
S992;23
S993;18
S994;22
S995;30
S996;24
S997;30
S998;30
S999;23
S1000;22
S1001;41
S1002;21
S1003;20
S1004;28
S1005;25
S1006;50
S1007;30
S1008;26
S1009;25
S1010;25
S1011;24
S1012;27
S1013;28
S1014;33
S1015;23
S1016;29
S1017;19
S1018;32
S1019;28
S1020;26
S1021;38
S1022;31
S1023;40
S1024;52
S1025;26
S1026;30
S1027;20
S1028;20
S1029;24
S1030;42
S1031;20
S1032;34
S1033;37
S1034;32
S1035;44
S1036;28
S1037;30
S1038;26
S1039;42
S1040;26
S1041;23
S1042;21
S1043;19
S1044;25
S1045;20
S1046;18
S1047;32
S1048;22
S1049;35
S1050;23
S1051;22
S1052;25
S1053;25
S1054;39
S1055;28
S1056;28
S1057;26
S1058;25
S1059;24
S1060;23
S1061;22
S1062;24
S1063;21
S1064;31
S1065;30
S1066;47
S1067;22
S1068;29
S1069;20
S1070;
S1071;26
S1072;28
S1073;29
S1074;39
S1075;28
S1076;21
S1077;33
S1078;30
S1079;23
S1080;38
S1081;25
S1082;25
S1083;30
S1084;25
S1085;21
S1086;24
S1087;26
S1088;20
S1089;39
S1090;30
S1091;30
S1092;22
S1093;28
S1094;31
S1095;27
S1096;34
S1097;26
S1098;36
S1099;28
S1100;55
S1101;19
S1102;34
S1103;35
S1104;43
S1105;31
S1106;32
S1107;38
S1108;27
S1109;34
S1110;26
S1111;21
S1112;34
S1113;27
S1114;25
S1115;21
S1116;47
S1117;32
S1118;25
S1119;22
S1120;35
S1121;29
S1122;23
S1123;32
S1124;23
S1125;28
S1126;21
S1127;26
S1128;25
S1129;22
S1130;30
S1131;21
S1132;27
S1133;34
S1134;31
S1135;32
S1136;32
S1137;35
S1138;46
S1139;36
S1140;18
S1141;22
S1142;24
S1143;25
S1144;22
S1145;26
S1146;31
S1147;30
S1148;23
S1149;39
S1150;33
S1151;19
S1152;27
S1153;25
S1154;23
S1155;20
S1156;39
S1157;28
S1158;41
S1159;36
S1160;29
S1161;20
S1162;18
S1163;24
S1164;36
S1165;48
S1166;28
S1167;45
S1168;43
S1169;40
S1170;19
S1171;34
S1172;24
S1173;
S1174;35
S1175;23
S1176;34
S1177;
S1178;
S1179;30
S1180;30
S1181;21
S1182;
S1183;
S1184;28
S1185;29
S1186;18
S1187;19
S1188;19
S1189;31
S1190;33
S1191;27
S1192;34
S1193;27
S1194;25
S1195;28
S1196;19
S1197;31
S1198;30
S1199;19
S1200;27
S1201;32
S1202;32
S1203;30
S1204;
S1205;
S1206;30
S1207;43
S1208;31
S1209;18
S1210;42
S1211;23
S1212;23
S1213;30
S1214;24
S1215;27
S1216;36
S1217;30
S1218;28
S1219;20
S1220;44
S1221;26
S1222;31
S1223;33
S1224;26
S1225;
S1226;43
S1227;20
S1228;31
S1229;27
S1230;18
S1231;23
S1232;28
S1233;20
S1234;32
S1235;29
S1236;30
S1237;30
S1238;32
S1239;40
S1240;29
S1241;20
S1242;24
S1243;23
S1244;25
S1245;25
S1246;25
S1247;19
S1248;27
S1249;37
S1250;27
S1251;32
S1252;33
S1253;21
S1254;40
S1255;36
S1256;19
S1257;46
S1258;25
S1259;40
S1260;21
S1261;22
S1262;25
S1263;36
S1264;30
S1265;33
S1266;28
S1267;27
S1268;27
S1269;50
S1270;30
S1271;22
S1272;31
S1273;27
S1274;25
S1275;23
S1276;31
S1277;36
S1278;26
S1279;42
S1280;22
S1281;37
S1282;23
S1283;25
S1284;37
S1285;27
S1286;43
S1287;24
S1288;25
S1289;27
S1290;38
S1291;32
S1292;25
S1293;26
S1294;30
S1295;36
S1296;29
S1297;26
S1298;26
S1299;33
S1300;28
S1301;25
S1302;28
S1303;24
S1304;20
S1305;26
S1306;30
S1307;22
S1308;28
S1309;23
S1310;25
S1311;28
S1312;30
S1313;22
S1314;32
S1315;
S1316;24
S1317;32
S1318;38
S1319;20
S1320;40
S1321;20
S1322;27
S1323;24
S1324;38
S1325;36
S1326;30
S1327;33
S1328;32
S1329;29
S1330;24
S1331;30
S1332;36
S1333;26
S1334;35
S1335;
S1336;30
S1337;22
S1338;30
S1339;19
S1340;37
S1341;26
S1342;27
S1343;21
S1344;28
S1345;27
S1346;38
S1347;32
S1348;32
S1349;35
S1350;20
S1351;27
S1352;35
S1353;35
S1354;30
S1355;33
S1356;28
S1357;28
S1358;21
S1359;41
S1360;22
S1361;23
S1362;32
S1363;30
S1364;37
S1365;17
S1366;18
S1367;28
S1368;49
S1369;23
S1370;22
S1371;30
S1372;29
S1373;40
S1374;40
S1375;22
S1376;21
S1377;40
S1378;24
S1379;50
S1380;29
S1381;23
S1382;34
S1383;22
S1384;30
S1385;25
S1386;21
S1387;30
S1388;39
S1389;22
S1390;30
S1391;43
S1392;22
S1393;42
S1394;36
S1395;37
S1396;38
S1397;26
S1398;23
S1399;24
S1400;20
S1401;35
S1402;40
S1403;36
S1404;24
S1405;21
S1406;40
S1407;21
S1408;39
S1409;31
S1410;44
S1411;39
S1412;32
S1413;21
S1414;24
S1415;36
S1416;24
S1417;28
S1418;30
S1419;23
S1420;23
S1421;36
S1422;26
S1423;23
S1424;25
S1425;19
S1426;23
S1427;34
S1428;28
S1429;34
S1430;23
S1431;26
S1432;27
S1433;22
S1434;20
S1435;21
S1436;25
S1437;22
S1438;19
S1439;24
S1440;33
S1441;31
S1442;40
S1443;48
S1444;
S1445;39
S1446;26
S1447;33
S1448;35
S1449;22
S1450;29
S1451;32
S1452;27
S1453;25
S1454;39
S1455;32
S1456;18
S1457;31
S1458;36
S1459;43
S1460;46
S1461;36
S1462;29
S1463;27
S1464;25
S1465;25
S1466;24
S1467;19
S1468;37
S1469;31
S1470;32
S1471;25
S1472;18
S1473;28
S1474;29
S1475;22
S1476;24
S1477;54
S1478;
S1479;31
S1480;33
S1481;33
S1482;53
S1483;27
S1484;36
S1485;28
S1486;30
S1487;33
S1488;26
S1489;24
S1490;20
S1491;19
S1492;23
S1493;
S1494;25
S1495;28
S1496;39
S1497;21
S1498;26
S1499;21
S1500;32
S1501;30
S1502;44
S1503;23
S1504;71
S1505;23
S1506;36
S1507;20
S1508;34
S1509;34
S1510;31
S1511;35
S1512;26
S1513;23
S1514;33
S1515;22
S1516;29
S1517;37
S1518;32
S1519;35
S1520;38
S1521;18
S1522;42
S1523;28
S1524;32
S1525;18
S1526;34
S1527;25
S1528;45
S1529;33
S1530;34
S1531;29
S1532;29
S1533;23
S1534;37
S1535;35
S1536;23
S1537;26
S1538;27
S1539;30
S1540;29
S1541;27
S1542;37
S1543;31
S1544;24
S1545;25
S1546;20
S1547;20
S1548;27
S1549;23
S1550;42
S1551;27
S1552;27
S1553;21
S1554;27
S1555;27
S1556;49
S1557;22
S1558;21
S1559;22
S1560;30
S1561;21
S1562;20
S1563;30
S1564;21
S1565;26
S1566;24
S1567;24
S1568;25
S1569;22
S1570;23
S1571;30
S1572;26
S1573;16
S1574;25
S1575;21
S1576;24
S1577;38
S1578;33
S1579;24
S1580;27
S1581;21
S1582;29
S1583;32
S1584;39
S1585;30
S1586;47
S1587;32
S1588;26
S1589;27
S1590;35
S1591;33
S1592;26
S1593;33
S1594;33
S1595;40
S1596;27
S1597;25
S1598;21
S1599;35
S1600;26
S1601;35
S1602;24
S1603;27
S1604;26
S1605;35
S1606;46
S1607;27
S1608;37
S1609;36
S1610;29
S1611;29
S1612;19
S1613;37
S1614;47
S1615;20
S1616;37
S1617;49
S1618;38
S1619;28
S1620;25
S1621;32
S1622;27
S1623;31
S1624;31
S1625;59
S1626;22
S1627;34
S1628;25
S1629;23
S1630;37
S1631;22
S1632;24
S1633;44
S1634;41
S1635;26
S1636;34
S1637;36
S1638;21
S1639;32
S1640;29
S1641;34
S1642;28
S1643;40
S1644;29
S1645;24
S1646;26
S1647;25
S1648;40
S1649;25
S1650;17
S1651;29
S1652;29
S1653;20
S1654;27
S1655;29
S1656;21
S1657;20
S1658;26
S1659;28
S1660;22
S1661;27
S1662;34
S1663;26
S1664;37
S1665;28
S1666;32
S1667;24
S1668;36
S1669;18
S1670;38
S1671;29
S1672;20
S1673;22
S1674;40
S1675;20
S1676;36
S1677;25
S1678;40
S1679;25
S1680;
S1681;32
S1682;26
S1683;28
S1684;47
S1685;27
S1686;23
S1687;43
S1688;20
S1689;27
S1690;23
S1691;26
S1692;29
S1693;
S1694;31
S1695;25
S1696;37
S1697;50
S1698;26
S1699;29
S1700;40
S1701;21
S1702;22
S1703;
S1704;25
S1705;44
S1706;19
S1707;23
S1708;31
S1709;48
S1710;24
S1711;35
S1712;33
S1713;23
S1714;29
S1715;27
S1716;46
S1717;40
S1718;39
S1719;25
S1720;28
S1721;29
S1722;22
S1723;36
S1724;26
S1725;20
S1726;30
S1727;24
S1728;38
S1729;38
S1730;19
S1731;34
S1732;25
S1733;27
S1734;26
S1735;29
S1736;28
S1737;25
S1738;32
S1739;26
S1740;33
S1741;19
S1742;21
S1743;24
S1744;26
S1745;23
S1746;25
S1747;32
S1748;32
S1749;35
S1750;50
S1751;35
S1752;35
S1753;50
S1754;27
S1755;31
S1756;23
S1757;19
S1758;26
S1759;19
S1760;18
S1761;25
S1762;26
S1763;21
S1764;34
S1765;31
S1766;31
S1767;38
S1768;30
S1769;33
S1770;32
S1771;21
S1772;20
S1773;34
S1774;25
S1775;50
S1776;30
S1777;32
S1778;23
S1779;23
S1780;25
S1781;18
S1782;32
S1783;35
S1784;28
S1785;18
S1786;26
S1787;25
S1788;32
S1789;28
S1790;44
S1791;32
S1792;18
S1793;30
S1794;32
S1795;22
S1796;22
S1797;32
S1798;26
S1799;28
S1800;32
S1801;32
S1802;21
S1803;32
S1804;24
S1805;24
S1806;20
S1807;24
S1808;34
S1809;26
S1810;24
S1811;37
S1812;43
S1813;35
S1814;32
S1815;25
S1816;30
S1817;23
S1818;23
S1819;29
S1820;37
S1821;36
S1822;
S1823;25
S1824;35
S1825;23
S1826;24
S1827;20
S1828;26
S1829;20
S1830;36
S1831;26
S1832;23
S1833;25
S1834;35
S1835;17
S1836;21
S1837;18
S1838;24
S1839;34
S1840;23
S1841;30
S1842;45
S1843;37
S1844;25
S1845;19
S1846;30
S1847;31
S1848;35
S1849;33
S1850;19
S1851;35
S1852;58
S1853;21
S1854;29
S1855;20
S1856;22
S1857;40
S1858;25
S1859;19
S1860;19
S1861;35
S1862;24
S1863;29
S1864;38
S1865;29
S1866;33
S1867;54
S1868;24
S1869;32
S1870;22
S1871;35
S1872;21
S1873;38
S1874;41
S1875;38
S1876;28
S1877;21
S1878;29
S1879;25
S1880;40
S1881;37
S1882;19
S1883;38
S1884;37
S1885;39
S1886;25
S1887;27
S1888;26
S1889;27
S1890;25
S1891;20
S1892;26
S1893;28
S1894;28
S1895;23
S1896;22
S1897;36
S1898;22
S1899;21
S1900;25
S1901;27
S1902;25
S1903;33
S1904;19
S1905;31
S1906;31
S1907;34
S1908;28
S1909;25
S1910;44
S1911;29
S1912;
S1913;22
S1914;24
S1915;39
S1916;23
S1917;54
S1918;38
S1919;25
S1920;24
S1921;26
S1922;30
S1923;37
S1924;23
S1925;30
S1926;29
S1927;33
S1928;20
S1929;25
S1930;32
S1931;19
S1932;29
S1933;25
S1934;20
S1935;28
S1936;24
S1937;23
S1938;21
S1939;41
S1940;38
S1941;21
S1942;30
S1943;28
S1944;25
S1945;28
S1946;55
S1947;23
S1948;
S1949;26
S1950;52
S1951;
S1952;37
S1953;37
S1954;28
S1955;22
S1956;48
S1957;44
S1958;27
S1959;19
S1960;30
S1961;35
S1962;25
S1963;22
S1964;22
S1965;34
S1966;21
S1967;33
S1968;40
S1969;19
S1970;27
S1971;24
S1972;18
S1973;27
S1974;21
S1975;31
S1976;30
S1977;24
S1978;25
S1979;23
S1980;32
S1981;25
S1982;30
S1983;25
S1984;
S1985;21
S1986;28
S1987;21
S1988;24
S1989;45
S1990;35
S1991;23
S1992;28
S1993;29
S1994;23
S1995;25
S1996;27
S1997;22
S1998;29
S1999;22
S2000;34
S2001;24
S2002;37
S2003;21
S2004;15
S2005;46
S2006;37
S2007;23
S2008;34
S2009;18
S2010;30
S2011;36
S2012;22
S2013;33
S2014;49
S2015;23
S2016;34
S2017;28
S2018;33
S2019;30
S2020;27
S2021;33
S2022;21
S2023;28
S2024;22
S2025;21
S2026;24
S2027;23
S2028;40
S2029;19
S2030;30
S2031;34
S2032;38
S2033;36
S2034;33
S2035;19
S2036;45
S2037;48
S2038;62
S2039;25
S2040;33
S2041;39
S2042;55
S2043;41
S2044;18
S2045;31
S2046;18
S2047;29
S2048;35
S2049;26
S2050;50
S2051;31
S2052;29
S2053;26
S2054;24
S2055;30
S2056;21
S2057;28
S2058;28
S2059;29
S2060;24
S2061;36
S2062;40
S2063;27
S2064;20
S2065;39
S2066;
S2067;22
S2068;25
S2069;26
S2070;32
S2071;18
S2072;24
S2073;
S2074;47
S2075;40
S2076;24
S2077;33
S2078;23
S2079;21
S2080;32
S2081;28
S2082;32
S2083;24
S2084;35
S2085;36
S2086;37
S2087;21
S2088;37
S2089;20
S2090;29
S2091;23
S2092;25
S2093;22
S2094;41
S2095;46
S2096;24
S2097;27
S2098;35
S2099;31
S2100;29
S2101;21
S2102;22
S2103;29
S2104;38
S2105;23
S2106;20
S2107;24
S2108;
S2109;
S2110;42
S2111;30
S2112;38
S2113;20
S2114;45
S2115;30
S2116;29
S2117;40
S2118;29
S2119;19
S2120;40
S2121;30
S2122;21
S2123;32
S2124;23
S2125;37
S2126;22
S2127;25
S2128;27
S2129;41
S2130;32
S2131;29
S2132;30
S2133;19
S2134;41
S2135;27
S2136;36
S2137;34
S2138;26
S2139;31
S2140;26
S2141;29
S2142;24
S2143;28
S2144;
S2145;41
S2146;23
S2147;28
S2148;40
S2149;23
S2150;46
S2151;30
S2152;20
S2153;
S2154;48
S2155;32
S2156;34
S2157;17
S2158;32
S2159;55
S2160;35
S2161;34
S2162;14
S2163;33
S2164;17
S2165;35
S2166;30
S2167;19
S2168;27
S2169;34
S2170;30
S2171;41
S2172;25
S2173;20
S2174;22
S2175;18
S2176;44
S2177;28
S2178;23
S2179;35
S2180;30
S2181;21
S2182;45
S2183;22
S2184;42
S2185;
S2186;
S2187;31
S2188;42
S2189;30
S2190;42
S2191;54
S2192;39
S2193;26
S2194;53
S2195;26
S2196;29
S2197;34
S2198;40
S2199;35
S2200;29
S2201;34
S2202;29
S2203;28
S2204;18
S2205;24
S2206;22
S2207;28
S2208;26
S2209;37
S2210;37
S2211;19
S2212;36
S2213;32
S2214;40
S2215;34
S2216;50
S2217;30
S2218;45
S2219;24
S2220;38
S2221;26
S2222;23
S2223;23
S2224;30
S2225;27
S2226;27
S2227;42
S2228;35
S2229;33
S2230;21
S2231;20
S2232;32
S2233;27
S2234;31
S2235;25
S2236;20
S2237;32
S2238;41
S2239;26
S2240;30
S2241;32
S2242;36
S2243;26
S2244;47
S2245;28
S2246;31
S2247;22
S2248;33
S2249;
S2250;46
S2251;27
S2252;27
S2253;32
S2254;31
S2255;19
S2256;31
S2257;31
S2258;21
S2259;30
S2260;34
S2261;34
S2262;49
S2263;28
S2264;26
S2265;26
S2266;19
S2267;28
S2268;37
S2269;34
S2270;27
S2271;22
S2272;22
S2273;21
S2274;
S2275;23
S2276;41
S2277;32
S2278;36
S2279;25
S2280;33
S2281;33
S2282;33
S2283;
S2284;29
S2285;36
S2286;35
S2287;24
S2288;23
S2289;19
S2290;27
S2291;20
S2292;28
S2293;21
S2294;38
S2295;23
S2296;32
S2297;23
S2298;24
S2299;50
S2300;21
S2301;27
S2302;22
S2303;29
S2304;43
S2305;33
S2306;30
S2307;21
S2308;23
S2309;55
S2310;33
S2311;48
S2312;32
S2313;34
S2314;29
S2315;23
S2316;28
S2317;31
S2318;26
S2319;33
S2320;54
S2321;47
S2322;
S2323;17
S2324;33
S2325;32
S2326;23
S2327;24
S2328;21
S2329;42
S2330;21
S2331;31
S2332;25
S2333;21
S2334;38
S2335;19
S2336;19
S2337;25
S2338;35
S2339;19
S2340;50
S2341;20
S2342;26
S2343;28
S2344;40
S2345;34
S2346;22
S2347;18
S2348;25
S2349;23
S2350;19
S2351;24
S2352;39
S2353;22
S2354;35
S2355;18
S2356;50
S2357;26
S2358;23
S2359;20
S2360;34
S2361;31
S2362;36
S2363;25
S2364;42
S2365;32
S2366;32
S2367;52
S2368;30
S2369;22
S2370;21
S2371;25
S2372;56
S2373;47
S2374;22
S2375;30
S2376;34
S2377;30
S2378;31
S2379;21
S2380;23
S2381;29
S2382;
S2383;30
S2384;23
S2385;26
S2386;27
S2387;25
S2388;31
S2389;22
S2390;34
S2391;26
S2392;37
S2393;
S2394;33
S2395;32
S2396;27
S2397;24
S2398;26
S2399;28
S2400;36
S2401;31
S2402;32
S2403;29
S2404;22
S2405;25
S2406;32
S2407;27
S2408;34
S2409;24
S2410;31
S2411;24
S2412;39
S2413;34
S2414;24
S2415;36
S2416;28
S2417;29
S2418;30
S2419;52
S2420;36
S2421;30
S2422;25
S2423;31
S2424;31
S2425;26
S2426;29
S2427;22
S2428;32
S2429;30
S2430;20
S2431;27
S2432;25
S2433;20
S2434;34
S2435;24
S2436;36
S2437;25
S2438;36
S2439;32
S2440;20
S2441;20
S2442;21
S2443;24
S2444;22
S2445;24
S2446;27
S2447;24
S2448;30
S2449;40
S2450;29
S2451;24
S2452;21
S2453;45
S2454;40
S2455;24
S2456;33
S2457;
S2458;22
S2459;18
S2460;26
S2461;28
S2462;23
S2463;24
S2464;28
S2465;30
S2466;40
S2467;24
S2468;44
S2469;34
S2470;26
S2471;28
S2472;22
S2473;24
S2474;23
S2475;29
S2476;27
S2477;28
S2478;37
S2479;20
S2480;
S2481;
S2482;
S2483;40
S2484;19
S2485;40
S2486;30
S2487;35
S2488;22
S2489;32
S2490;32
S2491;29
S2492;20
S2493;22
S2494;20
S2495;25
S2496;28
S2497;35
S2498;32
S2499;26
S2500;17
S2501;
S2502;28
S2503;25
S2504;23
S2505;24
S2506;19
S2507;38
S2508;26
S2509;27
S2510;19
S2511;25
S2512;32
S2513;27
S2514;39
S2515;41
S2516;26
S2517;
S2518;19
S2519;18
S2520;21
S2521;32
S2522;18
S2523;46
S2524;45
S2525;32
S2526;20
S2527;34
S2528;43
S2529;33
S2530;25
S2531;21
S2532;23
S2533;28
S2534;28
S2535;28
S2536;20
S2537;37
S2538;20
S2539;26
S2540;37
S2541;23
S2542;38
S2543;27
S2544;27
S2545;
S2546;30
S2547;30
S2548;
S2549;23
S2550;27
S2551;29
S2552;26
S2553;41
S2554;25
S2555;22
S2556;
S2557;27
S2558;53
S2559;22
S2560;22
S2561;26
S2562;40
S2563;26
S2564;54
S2565;27
S2566;54
S2567;29
S2568;32
S2569;41
S2570;25
S2571;27
S2572;21
S2573;35
S2574;25
S2575;21
S2576;26
S2577;20
S2578;21
S2579;28
S2580;32
S2581;36
S2582;28
S2583;25
S2584;21
S2585;36
S2586;21
S2587;28
D2588;22
D2589;41
D2590;28
D2591;36
D2592;31
D2593;22
D2594;25
D2595;26
D2596;25
D2597;24
D2598;25
D2599;41
D2600;33
D2601;40
D2602;34
D2603;21
D2604;26
D2605;21
D2606;32
D2607;42
D2608;41
D2609;23
D2610;33
D2611;
D2612;39
D2613;51
D2614;33
D2615;20
D2616;
D2617;30
D2618;40
D2619;36
D2620;22
D2621;40
D2622;20
D2623;28
D2624;34
D2625;27
D2626;26
D2627;22
D2628;32
D2629;27
D2630;33
D2631;30
D2632;41
D2633;26
D2634;40
D2635;37
D2636;31
D2637;24
D2638;
D2639;27
D2640;42
D2641;20
D2642;38
D2643;21
D2644;26
